address_dec,datatype,access,name,parameter_code,min,max,default,unit,eeprom_sensitive,cyclic_change_required,enum_text,notes
1000,FLOAT,RO,Außentemperatur (B32),,,,,°C,False,False,,
1002,FLOAT,RO,Gemittelte Außentemperatur,,,,,°C,False,False,,
1004,UCHAR,RO,Interne Meldung Bei Auftreten einer Meldung kann die aktuelle Meldungsnummer der Navigatorregelung (020 - 999) über die Adresse 1004 abgefragt werden. Beschreibung der Meldungs-/Störungsnummern siehe Navigatorregelung bzw. Navigator Bedienungsanleitung.,,,,,,False,False,,
1005,UCHAR,RW,Betriebsart System SYSMODE,,0.0,5.0,1.0,,True,False,0 ... Standby 1 ... Automatik 2 ... Abwesend 4 ... Nur Warmwasser 5 ... Nur Heizung/Kühlung,
1006,UCHAR,RO,Smart Grid Status,,0.0,4.0,,,False,False,0 ... EVU-Sperre u. kein günstiger Strom Digitaleingänge (EVU-Sperre und variabler 1 ... EVU-Bezug u. kein günstiger Strom Eingang) kommuniziert. 2 ... Kein EVU-Bezug u. günstiger Strom 4 ... EVU-Sperre u. günstiger Strom,Der Smart Grid Status wird über zwei
1008,FLOAT,RO,Wärmespeichertemperatur (B38),,,,,°C,False,False,,
1010,FLOAT,RO,Kältespeichertemperatur (B40),,,,,°C,False,False,,
1012,FLOAT,RO,Trinkwassererwärmertemp. unten (B41),,,,,°C,False,False,,
1014,FLOAT,RO,Trinkwassererwärmertemp. oben (B48),,,,,°C,False,False,,
1030,FLOAT,RO,Warmwasserzapftemperatur (B42),,,,,°C,False,False,,
1032,UCHAR,RW,Warmwasser-Solltemperatur,FW030,35.0,95.0,46.0,°C,True,False,,
1033,UCHAR,RW,Warmwasserladung Einschalttemperatur,FW027,30.0,50.0,46.0,°C,True,False,,
1034,UCHAR,RW,Warmwasserladung Ausschalttemperatur,FW028,46.0,53.0,50.0,°C,True,False,,
1048,FLOAT,RO,Aktueller Strompreis,,,,,,False,False,,
1050,FLOAT,RO,Wärmepumpen Vorlauftemperatur (B33),,,,,°C,False,False,,
1052,FLOAT,RO,Wärmepumpen Rücklauftemperatur (B34),,,,,°C,False,False,,
1054,FLOAT,RO,HGL Vorlauftemperatur (B35),,,,,°C,False,False,,
1056,FLOAT,RO,Wärmequelleneintrittstemperatur (B43),,,,,°C,False,False,,
1058,FLOAT,RO,Wärmequellenaustrittstemperatur (B36),,,,,°C,False,False,,
1060,FLOAT,RO,Luftansaugtemperatur (B37),,,,,°C,False,False,,
1062,FLOAT,RO,Luftwärmetauschertemperatur (B72),,,,,°C,False,False,,
1064,FLOAT,RO,Luftansaugtemperatur 2 (B46),,,,,°C,False,False,,
1066,FLOAT,RO,Ladefühler (B45) [°C] (C) IDM ENERGIESYSTEME GMBH IDM Navigator MODBUS TCP,,13.0,4.0,,,False,False,,. Programmierung Programmierung Adresse Daten- Access Bezeichnung Parameter Min. Max. Default- Ein- DEZ type Regelung Wert Wert Wert heit
1090,UCHAR,RO,Betriebsart Wärmepumpe,,0.0,8.0,,,False,False,0 ... Aus 1 ... Heizbetrieb 2 ... Kühlbetrieb 4 ... Warmwasser 8 ... Abtauung,
1091,UCHAR,RO,Heizanforderung,,0.0,1.0,,,False,False,,
1092,UCHAR,RO,Kühlanforderung,,0.0,1.0,,,False,False,,
1093,UCHAR,RO,Warmwasseranforderung,,0.0,1.0,,,False,False,,
1098,UCHAR,RO,EVU - Sperrkontakt,,0.0,1.0,1.0,,False,False,0 ... gesperrt 1 ... nicht gesperrt,
1099,UCHAR,RO,Summenstörung Wärmepumpe,,0.0,1.0,,,False,False,0 ... Keine Störung läuft die Wärmepumpe nicht mehr an. 1 ... Störung,Bei einer Summenstörung (verriegelnden Störung)
1100,UCHAR,RO,Status Verdichter,,1.0,0.0,1.0,,False,False,0 ... Aus 1 ... Ein,
1101,UCHAR,RO,Status Verdichter,,2.0,0.0,1.0,,False,False,,
1102,UCHAR,RO,Status Verdichter,,3.0,0.0,1.0,,False,False,,
1103,UCHAR,RO,Status Verdichter,,4.0,0.0,1.0,,False,False,,
1104,WORD,RO,Status Ladepumpe (M73) -,,1.0,100.0,,%,False,False,,
1105,WORD,RO,Status Sole/Zwischenkreispumpe (M16) -,,1.0,100.0,,%,False,False,,
1106,WORD,RO,Status Wärmequellen/Grundwasserpumpe -,,1.0,100.0,,,False,False,,[%] (M15)
1108,WORD,RO,Status ISC Kältespeicherpumpe (M84) -,,1.0,100.0,,%,False,False,,
1109,WORD,RO,Status ISC Rückkühlpumpe (M17) -,,1.0,100.0,,%,False,False,,
1110,WORD,RO,Umschaltventil Heizkreis Heizen/Kühlen,,0.0,1.0,,,False,False,,(M61)
1111,WORD,RO,Umschaltventil Speicher Heizen/Kühlen,,0.0,1.0,,,False,False,,(M62)
1112,WORD,RO,Umschaltventil Heizen/Warmwasser (M63),,0.0,1.0,,,False,False,,
1113,WORD,RO,Umschaltventil Wärmequelle Heizen/Kühlen,,0.0,1.0,,,False,False,,(M74)
1114,WORD,RO,Umschaltventil Solar Heizen/Warmwasser,,0.0,1.0,,,False,False,,(M78)
1115,WORD,RO,Umschaltventil Solar Speicher/Wärmequelle,,0.0,1.0,,,False,False,,(M79)
1116,WORD,RO,Umschaltventil ISC Wärmequelle /Kältespei-,,0.0,1.0,,,False,False,,cher (M89)
1117,WORD,RO,Umschaltventil ISC Speicher / Bypass (M99),,0.0,1.0,,,False,False,,
1118,WORD,RO,Zirkulationspumpe (M64),,0.0,1.0,14.0,,False,False,,IDM Navigator MODBUS TCP (C) IDM ENERGIESYSTEME GMBH Adresse Daten- Access Bezeichnung Parameter Min. Max. Default- Ein- DEZ type Regelung Wert Wert Wert heit
1120,WORD,RW,2. Wärmeerzeuger - Bivalenzpunkt 1 BV002 -,,90.0,40.0,,°C,True,False,,
1121,WORD,RW,2. Wärmeerzeuger - Bivalenzpunkt 2 BV003 -,,90.0,40.0,,°C,True,False,,
1122,WORD,RW,3. Wärmeerzeuger - Bivalenzpunkt 1 BV102 -,,90.0,40.0,,°C,True,False,,
1123,WORD,RW,3. Wärmeerzeuger - Bivalenzpunkt 2 BV103 -,,90.0,40.0,,°C,True,False,,
1124,UCHAR,RO,Bivalenz Betriebszustand,,0.0,3.0,,,False,False,0 ... Aus 1 ... Bivalenz 1 aktiv 2 ... Bivalenz 2 aktiv 3 ... Bivalenz 1+2 aktiv,
1147,UCHAR,RO,Kaskade / Verfügbare Stufen Heizen,,0.0,20.0,,,False,False,,
1148,UCHAR,RO,Kaskade / Verfügbare Stufen Kühlen,,0.0,20.0,,,False,False,,
1149,UCHAR,RO,Kaskade / Verfügbare Stufen Warmwasser,,0.0,20.0,,,False,False,,
1150,UCHAR,RO,Kaskade / Laufende Stufen Heizen,,0.0,20.0,,,False,False,,
1151,UCHAR,RO,Kaskade / Laufende Stufen Kühlen,,0.0,20.0,,,False,False,,
1152,UCHAR,RO,Kaskade / Laufende Stufen Warmwasser,,0.0,20.0,,,False,False,,
1200,FLOAT,RO,Kaskade / Angeforderte Heiztemperatur,,,,,°C,False,False,,
1202,FLOAT,RO,Kaskade / Angeforderte Kühltemperatur,,,,,°C,False,False,,
1204,FLOAT,RO,Kaskade / Angeforderte Warmwasser-tem- [°C] peratur,,,,,,False,False,,
1206,FLOAT,RO,Kaskade / Gemittelte Vorlauftemperatur [°C] Heizen,,,,,,False,False,,
1208,FLOAT,RO,Kaskade / Gemittelte Vorlauftemperatur [°C] Kühlen,,,,,,False,False,,
1210,FLOAT,RO,Kaskade / Gemittelte Vorlauftemperatur [°C] Warmwasser,,,,,,False,False,,
1220,UCHAR,RW,Kaskade / Minimale Leistung Heizen,,0.0,100.0,,%,False,False,,SYSCAMLHM
1221,UCHAR,RW,Kaskade / Maximale Leistung Heizen,,0.0,100.0,,%,False,False,,SYSCAMLH
1222,UCHAR,RW,Kaskade / Minimale Leistung Kühlen,,0.0,100.0,,%,False,False,,SYSCAMLCM
1223,UCHAR,RW,Kaskade / Maximale Leistung Kühlen,,0.0,100.0,,%,False,False,,SYSCAMLC
1224,UCHAR,RW,Kaskade / Minimale Leistung Warmwasser,,0.0,100.0,,%,False,False,,SYSCAMLPM
1225,UCHAR,RW,Kaskade / Maximale Leistung Warmwasser,,0.0,100.0,,%,False,False,,SYSCAMLP
1226,WORD,RW,Kaskade / Bivalenzpunkt Heizen Parallel -,,90.0,40.0,,°C,False,False,,SYSCAPVTHP
1227,WORD,RW,Kaskade / Bivalenzpunkt Heizen Alternativ -,,90.0,40.0,,°C,False,False,,SYSCAPVTHA
1228,WORD,RW,Kaskade / Bivalenzpunkt Kühlen Parallel -,,90.0,40.0,,°C,False,False,,SYSCAPVTCP
1229,WORD,RW,Kaskade / Bivalenzpunkt Kühlen Alternativ -,,90.0,40.0,,°C,False,False,,SYSCAPVTCA
1230,WORD,RW,Kaskade / Bivalenzpunkt Warmw. Parallel -,,90.0,40.0,,°C,False,False,,SYSCAPVTPP
1231,WORD,RW,Kaskade / Bivalenzpunkt Warmw. Alternativ -,,90.0,40.0,,,False,False,,[°C] SYSCAPVTPA
1350,FLOAT,RO,Heizkreis A Vorlauftemperatur (B51),,,,,°C,False,False,,
1352,FLOAT,RO,Heizkreis B Vorlauftemperatur (B52),,,,,°C,False,False,,
1354,FLOAT,RO,Heizkreis C Vorlauftemperatur (B53),,,,,°C,False,False,,
1356,FLOAT,RO,Heizkreis D Vorlauftemperatur (B54) [°C] (C) IDM ENERGIESYSTEME GMBH IDM Navigator MODBUS TCP,,15.0,4.0,,,False,False,,. Programmierung Programmierung Adresse Daten- Access Bezeichnung Parameter Min. Max. Default- Ein- DEZ type Regelung Wert Wert Wert heit
1358,FLOAT,RO,Heizkreis E Vorlauftemperatur (B55),,,,,°C,False,False,,
1360,FLOAT,RO,Heizkreis F Vorlauftemperatur (B56),,,,,°C,False,False,,
1362,FLOAT,RO,Heizkreis G Vorlauftemperatur (B57),,,,,°C,False,False,,
1364,FLOAT,RO,Heizkreis A Raumtemperatur (B61),,,,,°C,False,False,,
1366,FLOAT,RO,Heizkreis B Raumtemperatur (B62),,,,,°C,False,False,,
1368,FLOAT,RO,Heizkreis C Raumtemperatur (B63),,,,,°C,False,False,,
1370,FLOAT,RO,Heizkreis D Raumtemperatur (B64),,,,,°C,False,False,,
1372,FLOAT,RO,Heizkreis E Raumtemperatur (B65),,,,,°C,False,False,,
1374,FLOAT,RO,Heizkreis F Raumtemperatur (B66),,,,,°C,False,False,,
1376,FLOAT,RO,Heizkreis G Raumtemperatur (B67),,,,,°C,False,False,,
1378,FLOAT,RO,Heizkreis A Sollvorlauftemperatur,,,,,°C,False,False,,
1380,FLOAT,RO,Heizkreis B Sollvorlauftemperatur,,,,,°C,False,False,,
1382,FLOAT,RO,Heizkreis C Sollvorlauftemperatur,,,,,°C,False,False,,
1384,FLOAT,RO,Heizkreis D Sollvorlauftemperatur,,,,,°C,False,False,,
1386,FLOAT,RO,Heizkreis E Sollvorlauftemperatur,,,,,°C,False,False,,
1388,FLOAT,RO,Heizkreis F Sollvorlauftemperatur,,,,,°C,False,False,,
1390,FLOAT,RO,Heizkreis G Sollvorlauftemperatur,,,,,°C,False,False,,
1392,FLOAT,RO,Feuchtesensor (B31),,0.0,100.0,,%rF,False,False,,
1393,UCHAR,RW,Betriebsart Heizkreis A,HKA01,0.0,5.0,1.0,,True,False,0 ... Aus 1 ... Zeitprogramm 2 ... Normal 3 ... Eco 4 ... Manuell Heizen 5 ... Manuell Kühlen,
1394,UCHAR,RW,Betriebsart Heizkreis B,HKB01,0.0,5.0,1.0,,True,False,,
1395,UCHAR,RW,Betriebsart Heizkreis C,HKC01,0.0,5.0,1.0,,True,False,,
1396,UCHAR,RW,Betriebsart Heizkreis D,HKD01,0.0,5.0,1.0,,True,False,,
1397,UCHAR,RW,Betriebsart Heizkreis E,HKE01,0.0,5.0,1.0,,True,False,,
1398,UCHAR,RW,Betriebsart Heizkreis F,HKF01,0.0,5.0,1.0,,True,False,,
1399,UCHAR,RW,Betriebsart Heizkreis G,HKG01,0.0,5.0,1.0,,True,False,,
1401,FLOAT,RW,Raumsolltemperatur Heizen Normal HK A,HKA04,15.0,30.0,22.0,°C,True,False,,
1403,FLOAT,RW,Raumsolltemperatur Heizen Normal HK B,HKB04,15.0,30.0,22.0,°C,True,False,,
1405,FLOAT,RW,Raumsolltemperatur Heizen Normal HK C,HKC04,15.0,30.0,22.0,°C,True,False,,
1407,FLOAT,RW,Raumsolltemperatur Heizen Normal HK D,HKD04,15.0,30.0,22.0,°C,True,False,,
1409,FLOAT,RW,Raumsolltemperatur Heizen Normal HK E,HKE04,15.0,30.0,22.0,°C,True,False,,
1411,FLOAT,RW,Raumsolltemperatur Heizen Normal HK F,HKF04,15.0,30.0,22.0,°C,True,False,,
1413,FLOAT,RW,Raumsolltemperatur Heizen Normal HK G,HKG04,15.0,30.0,22.0,°C,True,False,,
1415,FLOAT,RW,Raumsolltemperatur Heizen Eco HK A,HKA05,10.0,25.0,18.0,°C,True,False,,
1417,FLOAT,RW,Raumsolltemperatur Heizen Eco HK B,HKB05,10.0,25.0,18.0,,True,False,,[°C] 16 IDM Navigator MODBUS TCP (C) IDM ENERGIESYSTEME GMBH Programmierung Adresse Daten- Access Bezeichnung Parameter Min. Max. Default- Ein- DEZ type Regelung Wert Wert Wert heit
1419,FLOAT,RW,Raumsolltemperatur Heizen Eco HK C,HKC05,10.0,25.0,18.0,°C,True,False,,
1421,FLOAT,RW,Raumsolltemperatur Heizen Eco HK D,HKD05,10.0,25.0,18.0,°C,True,False,,
1423,FLOAT,RW,Raumsolltemperatur Heizen Eco HK E,HKE05,10.0,25.0,18.0,°C,True,False,,
1425,FLOAT,RW,Raumsolltemperatur Heizen Eco HK F,HKF05,10.0,25.0,18.0,°C,True,False,,
1427,FLOAT,RW,Raumsolltemperatur Heizen Eco HK G,HKG05,10.0,25.0,18.0,°C,True,False,,
1429,FLOAT,RW,Heizkurve HK A,HKA10,0.1,3.5,0.6,,True,False,,
1431,FLOAT,RW,Heizkurve HK B,HKB10,0.1,3.5,0.6,,True,False,,
1433,FLOAT,RW,Heizkurve HK C,HKC10,0.1,3.5,0.6,,True,False,,
1435,FLOAT,RW,Heizkurve HK D,HKD10,0.1,3.5,0.6,,True,False,,
1437,FLOAT,RW,Heizkurve HK E,HKE10,0.1,3.5,0.6,,True,False,,
1439,FLOAT,RW,Heizkurve HK F,HKF10,0.1,3.5,0.6,,True,False,,
1441,FLOAT,RW,Heizkurve HK G,HKG10,0.1,3.5,0.6,,True,False,,
1442,UCHAR,RW,Heizgrenze HK A,HKA08,0.0,50.0,15.0,°C,True,False,,
1443,UCHAR,RW,Heizgrenze HK B,HKB08,0.0,50.0,15.0,°C,True,False,,
1444,UCHAR,RW,Heizgrenze HK C,HKC08,0.0,50.0,15.0,°C,True,False,,
1445,UCHAR,RW,Heizgrenze HK D,HKD08,0.0,50.0,15.0,°C,True,False,,
1446,UCHAR,RW,Heizgrenze HK E,HKE08,0.0,50.0,15.0,°C,True,False,,
1447,UCHAR,RW,Heizgrenze HK F,HKF08,0.0,50.0,15.0,°C,True,False,,
1448,UCHAR,RW,Heizgrenze HK G,HKG08,0.0,50.0,15.0,°C,True,False,,
1449,UCHAR,RW,Sollvorlauftemperatur HK A (Konstant-HK),HKA03,20.0,90.0,45.0,°C,True,False,,
1450,UCHAR,RW,Sollvorlauftemperatur HK B (Konstant-HK),HKB03,20.0,90.0,45.0,°C,True,False,,
1451,UCHAR,RW,Sollvorlauftemperatur HK C (Konstant-HK),HKC03,20.0,90.0,45.0,°C,True,False,,
1452,UCHAR,RW,Sollvorlauftemperatur HK D (Konstant-HK),HKD03,20.0,90.0,45.0,°C,True,False,,
1453,UCHAR,RW,Sollvorlauftemperatur HK E (Konstant-HK),HKE03,20.0,90.0,45.0,°C,True,False,,
1454,UCHAR,RW,Sollvorlauftemperatur HK F (Konstant-HK),HKF03,20.0,90.0,45.0,°C,True,False,,
1455,UCHAR,RW,Sollvorlauftemperatur HK G (Konstant-HK),HKG03,20.0,90.0,45.0,°C,True,False,,
1457,FLOAT,RW,Raumsolltemperatur Kühlen Normal HK A,HKA50,15.0,30.0,23.0,°C,True,False,,
1459,FLOAT,RW,Raumsolltemperatur Kühlen Normal HK B,HKB50,15.0,30.0,23.0,°C,True,False,,
1461,FLOAT,RW,Raumsolltemperatur Kühlen Normal HK C,HKC50,15.0,30.0,23.0,°C,True,False,,
1463,FLOAT,RW,Raumsolltemperatur Kühlen Normal HK D,HKD50,15.0,30.0,23.0,°C,True,False,,
1465,FLOAT,RW,Raumsolltemperatur Kühlen Normal HK E,HKE50,15.0,30.0,23.0,°C,True,False,,
1467,FLOAT,RW,Raumsolltemperatur Kühlen Normal HK F,HKF50,15.0,30.0,23.0,°C,True,False,,
1469,FLOAT,RW,Raumsolltemperatur Kühlen Normal HK G,HKG50,15.0,30.0,23.0,°C,True,False,,
1471,FLOAT,RW,Raumsolltemperatur Kühlen Eco HK A,HKA51,15.0,30.0,25.0,°C,True,False,,
1473,FLOAT,RW,Raumsolltemperatur Kühlen Eco HK B,HKB51,15.0,30.0,25.0,°C,True,False,,
1475,FLOAT,RW,Raumsolltemperatur Kühlen Eco HK C,HKC51,15.0,30.0,25.0,°C,True,False,,
1477,FLOAT,RW,Raumsolltemperatur Kühlen Eco HK D,HKD51,15.0,30.0,25.0,°C,True,False,,
1479,FLOAT,RW,Raumsolltemperatur Kühlen Eco HK E,HKE51,15.0,30.0,25.0,,True,False,,[°C] (C) IDM ENERGIESYSTEME GMBH IDM Navigator MODBUS TCP 17 4. Programmierung Programmierung Adresse Daten- Access Bezeichnung Parameter Min. Max. Default- Ein- DEZ type Regelung Wert Wert Wert heit
1481,FLOAT,RW,Raumsolltemperatur Kühlen Eco HK F,HKF51,15.0,30.0,25.0,°C,True,False,,
1483,FLOAT,RW,Raumsolltemperatur Kühlen Eco HK G,HKG51,15.0,30.0,25.0,°C,True,False,,
1484,UCHAR,RW,Kühlgrenze HK A,HKA58,0.0,36.0,25.0,°C,True,False,,
1485,UCHAR,RW,Kühlgrenze HK B,HKB58,0.0,36.0,25.0,°C,True,False,,
1486,UCHAR,RW,Kühlgrenze HK C,HKC58,0.0,36.0,25.0,°C,True,False,,
1487,UCHAR,RW,Kühlgrenze HK D,HKD58,0.0,36.0,25.0,°C,True,False,,
1488,UCHAR,RW,Kühlgrenze HK E,HKE58,0.0,36.0,25.0,°C,True,False,,
1489,UCHAR,RW,Kühlgrenze HK F,HKF58,0.0,36.0,25.0,°C,True,False,,
1490,UCHAR,RW,Kühlgrenze HK G,HKG58,0.0,36.0,25.0,°C,True,False,,
1491,UCHAR,RW,Sollvorlauftemperatur Kühlen HK A,HKA53,8.0,30.0,18.0,°C,True,False,,
1492,UCHAR,RW,Sollvorlauftemperatur Kühlen HK B,HKB53,8.0,30.0,18.0,°C,True,False,,
1493,UCHAR,RW,Sollvorlauftemperatur Kühlen HK C,HKC53,8.0,30.0,18.0,°C,True,False,,
1494,UCHAR,RW,Sollvorlauftemperatur Kühlen HK D,HKD53,8.0,30.0,18.0,°C,True,False,,
1495,UCHAR,RW,Sollvorlauftemperatur Kühlen HK E,HKE53,8.0,30.0,18.0,°C,True,False,,
1496,UCHAR,RW,Sollvorlauftemperatur Kühlen HK F,HKF53,8.0,30.0,18.0,°C,True,False,,
1497,UCHAR,RW,Sollvorlauftemperatur Kühlen HK G,HKG53,8.0,30.0,18.0,°C,True,False,,
1498,UCHAR,RO,Aktive Betriebsart Heizkreis A,,0.0,2.0,0.0,,False,False,0 ... Aus 1 ... Heizen 2 ... Kühlen,
1499,UCHAR,RO,Aktive Betriebsart Heizkreis B,,0.0,2.0,0.0,,False,False,,
1500,UCHAR,RO,Aktive Betriebsart Heizkreis C,,0.0,2.0,0.0,,False,False,,
1501,UCHAR,RO,Aktive Betriebsart Heizkreis D,,0.0,2.0,0.0,,False,False,,
1502,UCHAR,RO,Aktive Betriebsart Heizkreis E,,0.0,2.0,0.0,,False,False,,
1503,UCHAR,RO,Aktive Betriebsart Heizkreis F,,0.0,2.0,0.0,,False,False,,
1504,UCHAR,RO,Aktive Betriebsart Heizkreis G,,0.0,2.0,0.0,,False,False,,
1505,UCHAR,RW,Parallelverschiebung HK A,HKA03,0.0,30.0,0.0,°C,True,False,,
1506,UCHAR,RW,Parallelverschiebung HK B,HKB03,0.0,30.0,0.0,°C,True,False,,
1507,UCHAR,RW,Parallelverschiebung HK C,HKC03,0.0,30.0,0.0,°C,True,False,,
1508,UCHAR,RW,Parallelverschiebung HK D,HKD03,0.0,30.0,0.0,°C,True,False,,
1509,UCHAR,RW,Parallelverschiebung HK E,HKE03,0.0,30.0,0.0,°C,True,False,,
1510,UCHAR,RW,Parallelverschiebung HK F,HKF03,0.0,30.0,0.0,°C,True,False,,
1511,UCHAR,RW,Parallelverschiebung HK G,HKG03,0.0,30.0,0.0,°C,True,False,,
1650,FLOAT,W,Externe Raumtemperatur HK A,,15.0,30.0,,°C,False,False,,
1652,FLOAT,W,Externe Raumtemperatur HK B,,15.0,30.0,,°C,False,False,,
1654,FLOAT,W,Externe Raumtemperatur HK C,,15.0,30.0,,°C,False,False,,
1656,FLOAT,W,Externe Raumtemperatur HK D,,15.0,30.0,,°C,False,False,,
1658,FLOAT,W,Externe Raumtemperatur HK E,,15.0,30.0,,°C,False,False,,
1660,FLOAT,W,Externe Raumtemperatur HK F,,15.0,30.0,,,False,False,,[°C] 18 IDM Navigator MODBUS TCP (C) IDM ENERGIESYSTEME GMBH Programmierung Adresse Daten- Access Bezeichnung Parameter Min. Max. Default- Ein- DEZ type Regelung Wert Wert Wert heit
1662,FLOAT,W,Externe Raumtemperatur HK G,,15.0,30.0,,°C,False,False,,
1690,FLOAT,W,Externe Außentemperatur,,,,,°C,False,False,,
1692,FLOAT,W,Externe Feuchte,,0.0,100.0,,%rF,False,False,,
1694,UCHAR,RW,Externe Anforderungstemperatur Heizen,PH003,20.0,65.0,40.0,°C,True,False,,
1695,UCHAR,RW,Externe Anforderungstemperatur Kühlen,PC004,10.0,25.0,18.0,°C,True,False,,
1696,FLOAT,W,GLT Temperaturanforderung Heizen 0,,,,,°C,False,True,,
1698,FLOAT,W,GLT Temperaturanforderung Kühlen 100,,,,,°C,False,True,,
1710,BOOL,RW,Anforderung Heizen,,0.0,1.0,0.0,,False,False,,
1711,BOOL,RW,Anforderung Kühlen,,0.0,1.0,0.0,,False,False,,
1712,BOOL,RW,Anforderung Warmwasserladung,,0.0,1.0,0.0,,False,False,0 ... Aus 1 ... Ein,Die WW-Ladung muss mit „0“ beendet werden!
1713,BOOL,RW,Ext. Ansteuerung „Einmalige WW-Ladung“,,0.0,1.0,0.0,,False,False,,
1714,UCHAR,RW,Externe Anforderung Grundwasserpumpe M15 (bei SW/SWM/SW Twin) und Sole-/ Zwischenkreispumpe M16 (bei SW/SWM/SW Twin/SW Max),,,,,,False,False,,
1715,UCHAR,RW,Externe Anforderung Grundwasserpumpe M15 (bei SW Max),,,,,,False,False,,
1716,FLOAT,W,GLT Wärmespeichertemperatur -1 [°C},,,,,,False,False,,
1718,FLOAT,W,GLT Kältespeichertemperatur -1 [°C},,,,,,False,False,,
1720,FLOAT,W,GLT Trinkwarmwassererwärmertemp. unten -1,,,,,°C,False,False,,
1722,FLOAT,W,"GLT Trinkwarmwassererwärmertemp. oben -1 [°C] Die Anforderungen Heizen/Kühlen (Adressen 1710/1711) sollten zyklisch geschrieben werden, damit nach einem Neustart der Touchdisplays bzw. der Anlage die Anforderung wieder anliegt! Bei Warmwasseranforderung über die Adresse 1712 wird die Warmwasserladung unabhängig von der Speichertemperatur gestartet. Zur Beendung der Warmwasserladung muss die Anfor- derung weggenommen werden! Die Anforderung/Ansteuerung der Sole-/Zwischenkreis- und der Grundwasserpumpe (Adressen 1714/1715) erfolgt automatisch über die Navigatorregelung. Eine Anforderung/Ansteuerung dieser Pumpen über die Gebäudeleittechnik ist somit nicht sinnvoll! (C) IDM ENERGIESYSTEME GMBH IDM Navigator MODBUS TCP",,19.0,4.0,,,False,False,,. Programmierung Programmierung Adresse Daten- Access Bezeichnung Parameter Min. Max. Default- Ein- DEZ type Regelung Wert Wert Wert heit
1748,FLOAT,RO,Wärmemenge Heizen2),,,,,kWh,False,False,,
1750,FLOAT,RO,Wärmemenge Gesamt1),,,,,kWh,False,False,,
1752,FLOAT,RO,Wärmemenge Kühlen2),,,,,kWh,False,False,,
1754,FLOAT,RO,Wärmemenge Warmwasser2),,,,,kWh,False,False,,
1756,FLOAT,RO,Wärmemenge Abtauung2),,,,,kWh,False,False,,
1758,FLOAT,RO,Wärmemenge Passive Kühlung3),,,,,kWh,False,False,,
1760,FLOAT,RO,Wärmemenge Solar4),,,,,kWh,False,False,,
1762,FLOAT,RO,Wärmemenge Elektroheizeinsatz2),,,,,kWh,False,False,,
1790,FLOAT,RO,Momentanleistung5),,,,,kW,False,False,,
1792,FLOAT,RO,Momentanleistung Solar4),,,,,kW,False,False,,
1850,FLOAT,RO,Solar Kollektortemperatur (B73),,,,,°C,False,False,,
1852,FLOAT,RO,Solar Kollektorrücklauftemperatur (B75),,,,,°C,False,False,,
1854,FLOAT,RO,Solar Ladetemperatur (B74),,,,,°C,False,False,,
1856,UCHAR,RW,Betriebsart Solar,SC002,0.0,4.0,0.0,,True,False,0 ... Automatik 1 ... Warmwasser 2 ... Heizung 3 ... Warmwasser + Heizung 4 ... Wärmequelle / Pool,
1857,FLOAT,RO,Solar WQ-Referenztemp./Pooltemp. (B76),,,,,°C,False,False,,
1870,FLOAT,RO,ISC Ladetemperatur Kühlen (B44),,,,,°C,False,False,,
1872,FLOAT,RO,ISC Rückkühltemperatur (B49),,,,,°C,False,False,,
1874,UCHAR,RO,ISC Modus,,0.0,8.0,,,False,False,0 ... Keine Abwärme 1 ... Heizung 4 ... Warmwasser 8 ... Wärmequelle,
1999,UCHAR,W,"Störmeldungen quittieren6) *) Werte aus EEPROM, nur begrenzte Schreibzyklen möglich! 1) Bei Anlagen ohne Vortex-Sensor --> berechnete Wärmemenge (Heizen + Warmwasser) 2) Nur bei Anlagen mit Vortex-Sensor (iPump A/T/ALM, AERO SLM/ALM und TERRA SWM 3) Nur bei iPump T 4) Nur bei eingebautem Durchflusszähler 5) Bei Anlagen mit Vortex-Sensor --> gemessene Momentanleistung; Bei Anlagen ohne Vortex-Sensor --> berechnete Momentanleistung 6) Darf nicht permanent geschrieben werden, da sonst keine Störmeldungen mehr angezeigt werden! 7) Muss zyklisch (alle 10 Min.) geändert werden! Der Parameter PM003 wird hier nicht geändert! 20 IDM Navigator MODBUS TCP (C) IDM ENERGIESYSTEME GMBH Programmierung Adresse Daten- Access Bezeichnung Parameter Min. Max. Default- Ein- DEZ type Regelung Wert Wert Wert heit Navigator Pro - Einzelraumregelung",,,,,,False,False,,
2000,UCHAR,RO,Zonenmodul 1 Modus Heizen/Kühlen,A14,0.0,1.0,,,False,False,0 ... Kühlen 1 ... Heizen,
2001,UCHAR,RO,Zonenmodul 1 Entfeuchtungsausgang,A12,0.0,1.0,0.0,,False,False,0 ... Aus 1 ... Ein,
2002,FLOAT,RW/RO,Zonenmodul 1 Raumtemperatur Raum,,1.0,15.0,30.0,,False,False,,[°C] RW ... Bei Verwendung von externen Raumsensoren RO ... Bei Verwendung von IDM Raumsensoren
2004,FLOAT,RW,"Zonenmodul 1 Raumsolltemperatur Raum 1 [°C] Hinweis: Wenn die Raumsolltemperatur über die Gebäudeleittechnik (GLT) vorgegeben wird, dann ist beim jeweiligen Raum die Betriebsart auf „Normal“ zu stellen! Die Solltemperatur kann nur in 0,5er Schritten kommuniziert werden!",,,,,,False,False,,
2006,UCHAR,RW/RO,Zonenmodul 1 Raumfeuchte Raum,,1.0,0.0,100.0,,False,False,,[%rF] RW ... Bei Verwendung von externen Raumsensoren RO ... Bei Verwendung von IDM Raumsensoren
2007,UCHAR,RW,Zonenmodul 1 Betriebsart Raum,,1.0,0.0,4.0,,False,False,0 ... Aus 1 ... Automatik 2 ... Eco 3 ... Normal 4 ... Komfort,
2008,UCHAR,RO,Zonenmodul 1 Status Relais Raum,,1.0,0.0,1.0,,False,False,0 ... Aus 1 ... Ein,
2009,FLOAT,RW/RO,Zonenmodul 1 Raumtemperatur Raum,,2.0,15.0,30.0,°C,False,False,,
2011,FLOAT,RW,Zonenmodul 1 Raumsolltemperatur Raum 2,,,,,°C,False,False,,
2013,UCHAR,RW/RO,Zonenmodul 1 Raumfeuchte Raum,,2.0,0.0,100.0,%rF,False,False,,
2014,UCHAR,RW,Zonenmodul 1 Betriebsart Raum,,2.0,0.0,4.0,,False,False,,
2015,UCHAR,RO,Zonenmodul 1 Status Relais Raum,,2.0,0.0,1.0,,False,False,,
2016,FLOAT,RW/RO,Zonenmodul 1 Raumtemperatur Raum,,3.0,15.0,30.0,°C,False,False,,
2018,FLOAT,RW,Zonenmodul 1 Raumsolltemperatur Raum 3,,,,,°C,False,False,,
2020,UCHAR,RW/RO,Zonenmodul 1 Raumfeuchte Raum,,3.0,0.0,100.0,%rF,False,False,,
2021,UCHAR,RW,Zonenmodul 1 Betriebsart Raum,,3.0,0.0,4.0,,False,False,,
2022,UCHAR,RO,Zonenmodul 1 Status Relais Raum,,3.0,0.0,1.0,,False,False,,
2023,FLOAT,RW/RO,Zonenmodul 1 Raumtemperatur Raum,,4.0,15.0,30.0,°C,False,False,,
2025,FLOAT,RW,Zonenmodul 1 Raumsolltemperatur Raum 4,,,,,°C,False,False,,
2027,UCHAR,RW/RO,Zonenmodul 1 Raumfeuchte Raum,,4.0,0.0,100.0,%rF,False,False,,
2028,UCHAR,RW,Zonenmodul 1 Betriebsart Raum,,4.0,0.0,4.0,,False,False,,
2029,UCHAR,RO,Zonenmodul 1 Status Relais Raum,,4.0,0.0,1.0,,False,False,,
2030,FLOAT,RW/RO,Zonenmodul 1 Raumtemperatur Raum,,5.0,15.0,30.0,,False,False,,[°C] (C) IDM ENERGIESYSTEME GMBH IDM Navigator MODBUS TCP 21 4. Programmierung Programmierung Adresse Daten- Access Bezeichnung Parameter Min. Max. Default- Ein- DEZ type Regelung Wert Wert Wert heit
2032,FLOAT,RW,Zonenmodul 1 Raumsolltemperatur Raum 5,,,,,°C,False,False,,
2034,UCHAR,RW/RO,Zonenmodul 1 Raumfeuchte Raum,,5.0,0.0,100.0,%rF,False,False,,
2035,UCHAR,RW,Zonenmodul 1 Betriebsart Raum,,5.0,0.0,4.0,,False,False,,
2036,UCHAR,RO,Zonenmodul 1 Status Relais Raum,,5.0,0.0,1.0,,False,False,,
2037,FLOAT,RW/RO,Zonenmodul 1 Raumtemperatur Raum,,6.0,15.0,30.0,°C,False,False,,
2039,FLOAT,RW,Zonenmodul 1 Raumsolltemperatur Raum 6,,,,,°C,False,False,,
2041,UCHAR,RW/RO,Zonenmodul 1 Raumfeuchte Raum,,6.0,0.0,100.0,%rF,False,False,,
2042,UCHAR,RW,Zonenmodul 1 Betriebsart Raum,,6.0,0.0,4.0,,False,False,,
2043,UCHAR,RO,Zonenmodul 1 Status Relais Raum,,6.0,0.0,1.0,,False,False,,
2044,FLOAT,RW/RO,Zonenmodul 1 Raumtemperatur Raum,,7.0,15.0,30.0,°C,False,False,,
2046,FLOAT,RW,Zonenmodul 1 Raumsolltemperatur Raum 7,,,,,°C,False,False,,
2048,UCHAR,RW/RO,Zonenmodul 1 Raumfeuchte Raum,,7.0,0.0,100.0,%rF,False,False,,
2049,UCHAR,RW,Zonenmodul 1 Betriebsart Raum,,7.0,0.0,4.0,,False,False,,
2050,UCHAR,RO,Zonenmodul 1 Status Relais Raum,,7.0,0.0,1.0,,False,False,,
2051,FLOAT,RW/RO,Zonenmodul 1 Raumtemperatur Raum,,8.0,15.0,30.0,°C,False,False,,
2053,FLOAT,RW,Zonenmodul 1 Raumsolltemperatur Raum 8,,,,,°C,False,False,,
2055,UCHAR,RW/RO,Zonenmodul 1 Raumfeuchte Raum,,8.0,0.0,100.0,%rF,False,False,,
2056,UCHAR,RW,Zonenmodul 1 Betriebsart Raum,,8.0,0.0,4.0,,False,False,,
2057,UCHAR,RO,Zonenmodul 1 Status Relais Raum,,8.0,0.0,1.0,,False,False,,
2064,UCHAR,RO,Zonenmodul 1 Status Relais Raum 9 (A9),,0.0,1.0,,,False,False,,
2065,UCHAR,RO,Zonenmodul 2 Modus Heizen/Kühlen,A14,0.0,1.0,,,False,False,,
2066,UCHAR,RO,Zonenmodul 2 Entfeuchtungsausgang,A12,0.0,1.0,0.0,,False,False,,
2067,FLOAT,RW/RO,Zonenmodul 2 Raumtemperatur Raum,,1.0,15.0,30.0,°C,False,False,,
2069,FLOAT,RW,Zonenmodul 2 Raumsolltemperatur Raum 1,,,,,°C,False,False,,
2071,UCHAR,RW/RO,Zonenmodul 2 Raumfeuchte Raum,,1.0,0.0,100.0,%rF,False,False,,
2072,UCHAR,RW,Zonenmodul 2 Betriebsart Raum,,1.0,0.0,4.0,,False,False,,
2073,UCHAR,RO,Zonenmodul 2 Status Relais Raum,,1.0,0.0,1.0,,False,False,,
2074,FLOAT,RW/RO,Zonenmodul 2 Raumtemperatur Raum,,2.0,15.0,30.0,°C,False,False,,
2076,FLOAT,RW,Zonenmodul 2 Raumsolltemperatur Raum 2,,,,,°C,False,False,,
2078,UCHAR,RW/RO,Zonenmodul 2 Raumfeuchte Raum,,2.0,0.0,100.0,%rF,False,False,,
2079,UCHAR,RW,Zonenmodul 2 Betriebsart Raum,,2.0,0.0,4.0,,False,False,,
2080,UCHAR,RO,Zonenmodul 2 Status Relais Raum,,2.0,0.0,1.0,,False,False,,
2081,FLOAT,RW/RO,Zonenmodul 2 Raumtemperatur Raum,,3.0,15.0,30.0,°C,False,False,,
2083,FLOAT,RW,Zonenmodul 2 Raumsolltemperatur Raum 3,,,,,°C,False,False,,
2085,UCHAR,RW/RO,Zonenmodul 2 Raumfeuchte Raum,,3.0,0.0,100.0,%rF,False,False,,
2086,UCHAR,RW,Zonenmodul 2 Betriebsart Raum,,3.0,0.0,4.0,,False,False,,
2087,UCHAR,RO,Zonenmodul 2 Status Relais Raum,,3.0,0.0,1.0,,False,False,,
2088,FLOAT,RW/RO,Zonenmodul 2 Raumtemperatur Raum,,4.0,15.0,30.0,,False,False,,[°C] 22 IDM Navigator MODBUS TCP (C) IDM ENERGIESYSTEME GMBH Programmierung Adresse Daten- Access Bezeichnung Parameter Min. Max. Default- Ein- DEZ type Regelung Wert Wert Wert heit
2090,FLOAT,RW,Zonenmodul 2 Raumsolltemperatur Raum 4,,,,,°C,False,False,,
2092,UCHAR,RW/RO,Zonenmodul 2 Raumfeuchte Raum,,4.0,0.0,100.0,%rF,False,False,,
2093,UCHAR,RW,Zonenmodul 2 Betriebsart Raum,,4.0,0.0,4.0,,False,False,,
2094,UCHAR,RO,Zonenmodul 2 Status Relais Raum,,4.0,0.0,1.0,,False,False,,
2095,FLOAT,RW/RO,Zonenmodul 2 Raumtemperatur Raum,,5.0,15.0,30.0,°C,False,False,,
2097,FLOAT,RW,Zonenmodul 2 Raumsolltemperatur Raum 5,,,,,°C,False,False,,
2099,UCHAR,RW/RO,Zonenmodul 2 Raumfeuchte Raum,,5.0,0.0,100.0,%rF,False,False,,
2100,UCHAR,RW,Zonenmodul 2 Betriebsart Raum,,5.0,0.0,4.0,,False,False,,
2101,UCHAR,RO,Zonenmodul 2 Status Relais Raum,,5.0,0.0,1.0,,False,False,,
2102,FLOAT,RW/RO,Zonenmodul 2 Raumtemperatur Raum,,6.0,15.0,30.0,°C,False,False,,
2104,FLOAT,RW,Zonenmodul 2 Raumsolltemperatur Raum 6,,,,,°C,False,False,,
2106,UCHAR,RW/RO,Zonenmodul 2 Raumfeuchte Raum,,6.0,0.0,100.0,%rF,False,False,,
2107,UCHAR,RW,Zonenmodul 2 Betriebsart Raum,,6.0,0.0,4.0,,False,False,,
2108,UCHAR,RO,Zonenmodul 2 Status Relais Raum,,6.0,0.0,1.0,,False,False,,
2109,FLOAT,RW/RO,Zonenmodul 2 Raumtemperatur Raum,,7.0,15.0,30.0,°C,False,False,,
2111,FLOAT,RW,Zonenmodul 2 Raumsolltemperatur Raum 7,,,,,°C,False,False,,
2113,UCHAR,RW/RO,Zonenmodul 2 Raumfeuchte Raum,,7.0,0.0,100.0,%rF,False,False,,
2114,UCHAR,RW,Zonenmodul 2 Betriebsart Raum,,7.0,0.0,4.0,,False,False,,
2115,UCHAR,RO,Zonenmodul 2 Status Relais Raum,,7.0,0.0,1.0,,False,False,,
2116,FLOAT,RW/RO,Zonenmodul 2 Raumtemperatur Raum,,8.0,15.0,30.0,°C,False,False,,
2118,FLOAT,RW,Zonenmodul 2 Raumsolltemperatur Raum 8,,,,,°C,False,False,,
2120,UCHAR,RW/RO,Zonenmodul 2 Raumfeuchte Raum,,8.0,0.0,100.0,%rF,False,False,,
2121,UCHAR,RW,Zonenmodul 2 Betriebsart Raum,,8.0,0.0,4.0,,False,False,,
2122,UCHAR,RO,Zonenmodul 2 Status Relais Raum,,8.0,0.0,1.0,,False,False,,
2129,UCHAR,RO,Zonenmodul 2 Status Relais Raum 9 (A9),,0.0,1.0,,,False,False,,
2130,UCHAR,RO,Zonenmodul 3 Modus Heizen/Kühlen,A14,0.0,1.0,,,False,False,,
2131,UCHAR,RO,Zonenmodul 3 Entfeuchtungsausgang,A12,0.0,1.0,0.0,,False,False,,
2132,FLOAT,RW/RO,Zonenmodul 3 Raumtemperatur Raum,,1.0,15.0,30.0,°C,False,False,,
2134,FLOAT,RW,Zonenmodul 3 Raumsolltemperatur Raum 1,,,,,°C,False,False,,
2136,UCHAR,RW/RO,Zonenmodul 3 Raumfeuchte Raum,,1.0,0.0,100.0,%rF,False,False,,
2137,UCHAR,RW,Zonenmodul 3 Betriebsart Raum,,1.0,0.0,4.0,,False,False,,
2138,UCHAR,RO,Zonenmodul 3 Status Relais Raum,,1.0,0.0,1.0,,False,False,,
2139,FLOAT,RW/RO,Zonenmodul 3 Raumtemperatur Raum,,2.0,15.0,30.0,°C,False,False,,
2141,FLOAT,RW,Zonenmodul 3 Raumsolltemperatur Raum 2,,,,,°C,False,False,,
2143,UCHAR,RW/RO,Zonenmodul 3 Raumfeuchte Raum,,2.0,0.0,100.0,%rF,False,False,,
2144,UCHAR,RW,Zonenmodul 3 Betriebsart Raum,,2.0,0.0,4.0,,False,False,,
2145,UCHAR,RO,Zonenmodul 3 Status Relais Raum,,2.0,0.0,1.0,,False,False,,
2146,FLOAT,RW/RO,Zonenmodul 3 Raumtemperatur Raum,,3.0,15.0,30.0,,False,False,,[°C] (C) IDM ENERGIESYSTEME GMBH IDM Navigator MODBUS TCP 23 4. Programmierung Programmierung Adresse Daten- Access Bezeichnung Parameter Min. Max. Default- Ein- DEZ type Regelung Wert Wert Wert heit
2148,FLOAT,RW,Zonenmodul 3 Raumsolltemperatur Raum 3,,,,,°C,False,False,,
2150,UCHAR,RW/RO,Zonenmodul 3 Raumfeuchte Raum,,3.0,0.0,100.0,%rF,False,False,,
2151,UCHAR,RW,Zonenmodul 3 Betriebsart Raum,,3.0,0.0,4.0,,False,False,,
2152,UCHAR,RO,Zonenmodul 3 Status Relais Raum,,3.0,0.0,1.0,,False,False,,
2153,FLOAT,RW/RO,Zonenmodul 3 Raumtemperatur Raum,,4.0,15.0,30.0,°C,False,False,,
2155,FLOAT,RW,Zonenmodul 3 Raumsolltemperatur Raum 4,,,,,°C,False,False,,
2157,UCHAR,RW/RO,Zonenmodul 3 Raumfeuchte Raum,,4.0,0.0,100.0,%rF,False,False,,
2158,UCHAR,RW,Zonenmodul 3 Betriebsart Raum,,4.0,0.0,4.0,,False,False,,
2159,UCHAR,RO,Zonenmodul 3 Status Relais Raum,,4.0,0.0,1.0,,False,False,,
2160,FLOAT,RW/RO,Zonenmodul 3 Raumtemperatur Raum,,5.0,15.0,30.0,°C,False,False,,
2162,FLOAT,RW,Zonenmodul 3 Raumsolltemperatur Raum 5,,,,,°C,False,False,,
2164,UCHAR,RW/RO,Zonenmodul 3 Raumfeuchte Raum,,5.0,0.0,100.0,%rF,False,False,,
2165,UCHAR,RW,Zonenmodul 3 Betriebsart Raum,,5.0,0.0,4.0,,False,False,,
2166,UCHAR,RO,Zonenmodul 3 Status Relais Raum,,5.0,0.0,1.0,,False,False,,
2167,FLOAT,RW/RO,Zonenmodul 3 Raumtemperatur Raum,,6.0,15.0,30.0,°C,False,False,,
2169,FLOAT,RW,Zonenmodul 3 Raumsolltemperatur Raum 6,,,,,°C,False,False,,
2171,UCHAR,RW/RO,Zonenmodul 3 Raumfeuchte Raum,,6.0,0.0,100.0,%rF,False,False,,
2172,UCHAR,RW,Zonenmodul 3 Betriebsart Raum,,6.0,0.0,4.0,,False,False,,
2173,UCHAR,RO,Zonenmodul 3 Status Relais Raum,,6.0,0.0,1.0,,False,False,,
2174,FLOAT,RW/RO,Zonenmodul 3 Raumtemperatur Raum,,7.0,15.0,30.0,°C,False,False,,
2176,FLOAT,RW,Zonenmodul 3 Raumsolltemperatur Raum 7,,,,,°C,False,False,,
2178,UCHAR,RW/RO,Zonenmodul 3 Raumfeuchte Raum,,7.0,0.0,100.0,%rF,False,False,,
2179,UCHAR,RW,Zonenmodul 3 Betriebsart Raum,,7.0,0.0,4.0,,False,False,,
2180,UCHAR,RO,Zonenmodul 3 Status Relais Raum,,7.0,0.0,1.0,,False,False,,
2181,FLOAT,RW/RO,Zonenmodul 3 Raumtemperatur Raum,,8.0,15.0,30.0,°C,False,False,,
2183,FLOAT,RW,Zonenmodul 3 Raumsolltemperatur Raum 8,,,,,°C,False,False,,
2185,UCHAR,RW/RO,Zonenmodul 3 Raumfeuchte Raum,,8.0,0.0,100.0,%rF,False,False,,
2186,UCHAR,RW,Zonenmodul 3 Betriebsart Raum,,8.0,0.0,4.0,,False,False,,
2187,UCHAR,RO,Zonenmodul 3 Status Relais Raum,,8.0,0.0,1.0,,False,False,,
2194,UCHAR,RO,Zonenmodul 3 Status Raum 9 (A9),,0.0,1.0,,,False,False,,
2195,UCHAR,RO,Zonenmodul 4 Modus Heizen/Kühlen,A14,0.0,1.0,,,False,False,,
2196,UCHAR,RO,Zonenmodul 4 Entfeuchtungsausgang,A12,0.0,1.0,0.0,,False,False,,
2197,FLOAT,RW/RO,Zonenmodul 4 Raumtemperatur Raum,,1.0,15.0,30.0,°C,False,False,,
2199,FLOAT,RW,Zonenmodul 4 Raumsolltemperatur Raum 1,,,,,°C,False,False,,
2201,UCHAR,RW/RO,Zonenmodul 4 Raumfeuchte Raum,,1.0,0.0,100.0,%rF,False,False,,
2202,UCHAR,RW,Zonenmodul 4 Betriebsart Raum,,1.0,0.0,4.0,,False,False,,
2203,UCHAR,RO,Zonenmodul 4 Status Relais Raum,,1.0,0.0,1.0,,False,False,,
2204,FLOAT,RW/RO,Zonenmodul 4 Raumtemperatur Raum,,2.0,15.0,30.0,,False,False,,[°C] 24 IDM Navigator MODBUS TCP (C) IDM ENERGIESYSTEME GMBH Programmierung Adresse Daten- Access Bezeichnung Parameter Min. Max. Default- Ein- DEZ type Regelung Wert Wert Wert heit
2206,FLOAT,RW,Zonenmodul 4 Raumsolltemperatur Raum 2,,,,,°C,False,False,,
2208,UCHAR,RW/RO,Zonenmodul 4 Raumfeuchte Raum,,2.0,0.0,100.0,%rF,False,False,,
2209,UCHAR,RW,Zonenmodul 4 Betriebsart Raum,,2.0,0.0,4.0,,False,False,,
2210,UCHAR,RO,Zonenmodul 4 Status Relais Raum,,2.0,0.0,1.0,,False,False,,
2211,FLOAT,RW/RO,Zonenmodul 4 Raumtemperatur Raum,,3.0,15.0,30.0,°C,False,False,,
2213,FLOAT,RW,Zonenmodul 4 Raumsolltemperatur Raum 3,,,,,°C,False,False,,
2215,UCHAR,RW/RO,Zonenmodul 4 Raumfeuchte Raum,,3.0,0.0,100.0,%rF,False,False,,
2216,UCHAR,RW,Zonenmodul 4 Betriebsart Raum,,3.0,0.0,4.0,,False,False,,
2217,UCHAR,RO,Zonenmodul 4 Status Relais Raum,,3.0,0.0,1.0,,False,False,,
2218,FLOAT,RW/RO,Zonenmodul 4 Raumtemperatur Raum,,4.0,15.0,30.0,°C,False,False,,
2220,FLOAT,RW,Zonenmodul 4 Raumsolltemperatur Raum 4,,,,,°C,False,False,,
2222,UCHAR,RW/RO,Zonenmodul 4 Raumfeuchte Raum,,4.0,0.0,100.0,%rF,False,False,,
2223,UCHAR,RW,Zonenmodul 4 Betriebsart Raum,,4.0,0.0,4.0,,False,False,,
2224,UCHAR,RO,Zonenmodul 4 Status Relais Raum,,4.0,0.0,1.0,,False,False,,
2225,FLOAT,RW/RO,Zonenmodul 4 Raumtemperatur Raum,,5.0,15.0,30.0,°C,False,False,,
2227,FLOAT,RW,Zonenmodul 4 Raumsolltemperatur Raum 5,,,,,°C,False,False,,
2229,UCHAR,RW/RO,Zonenmodul 4 Raumfeuchte Raum,,5.0,0.0,100.0,%rF,False,False,,
2230,UCHAR,RW,Zonenmodul 4 Betriebsart Raum,,5.0,0.0,4.0,,False,False,,
2231,UCHAR,RO,Zonenmodul 4 Status Relais Raum,,5.0,0.0,1.0,,False,False,,
2232,FLOAT,RW/RO,Zonenmodul 4 Raumtemperatur Raum,,6.0,15.0,30.0,°C,False,False,,
2234,FLOAT,RW,Zonenmodul 4 Raumsolltemperatur Raum 6,,,,,°C,False,False,,
2236,UCHAR,RW/RO,Zonenmodul 4 Raumfeuchte Raum,,6.0,0.0,100.0,%rF,False,False,,
2237,UCHAR,RW,Zonenmodul 4 Betriebsart Raum,,6.0,0.0,4.0,,False,False,,
2238,UCHAR,RO,Zonenmodul 4 Status Relais Raum,,6.0,0.0,1.0,,False,False,,
2239,FLOAT,RW/RO,Zonenmodul 4 Raumtemperatur Raum,,7.0,15.0,30.0,°C,False,False,,
2241,FLOAT,RW,Zonenmodul 4 Raumsolltemperatur Raum 7,,,,,°C,False,False,,
2243,UCHAR,RW/RO,Zonenmodul 4 Raumfeuchte Raum,,7.0,0.0,100.0,%rF,False,False,,
2244,UCHAR,RW,Zonenmodul 4 Betriebsart Raum,,7.0,0.0,4.0,,False,False,,
2245,UCHAR,RO,Zonenmodul 4 Status Relais Raum,,7.0,0.0,1.0,,False,False,,
2246,FLOAT,RW/RO,Zonenmodul 4 Raumtemperatur Raum,,8.0,15.0,30.0,°C,False,False,,
2248,FLOAT,RW,Zonenmodul 4 Raumsolltemperatur Raum 8,,,,,°C,False,False,,
2250,UCHAR,RW/RO,Zonenmodul 4 Raumfeuchte Raum,,8.0,0.0,100.0,%rF,False,False,,
2251,UCHAR,RW,Zonenmodul 4 Betriebsart Raum,,8.0,0.0,4.0,,False,False,,
2252,UCHAR,RO,Zonenmodul 4 Status Relais Raum,,8.0,0.0,1.0,,False,False,,
2259,UCHAR,RO,Zonenmodul 4 Status Raum 9 (A9),,0.0,1.0,,,False,False,,
2260,UCHAR,RO,Zonenmodul 5 Modus Heizen/Kühlen,A14,0.0,1.0,,,False,False,,
2261,UCHAR,RO,Zonenmodul 5 Entfeuchtungsausgang,A12,0.0,1.0,0.0,,False,False,,
2262,FLOAT,RW/RO,Zonenmodul 5 Raumtemperatur Raum,,1.0,15.0,30.0,,False,False,,[°C] (C) IDM ENERGIESYSTEME GMBH IDM Navigator MODBUS TCP 25 4. Programmierung Programmierung Adresse Daten- Access Bezeichnung Parameter Min. Max. Default- Ein- DEZ type Regelung Wert Wert Wert heit
2264,FLOAT,RW,Zonenmodul 5 Raumsolltemperatur Raum 1,,,,,°C,False,False,,
2266,UCHAR,RW/RO,Zonenmodul 5 Raumfeuchte Raum,,1.0,0.0,100.0,%rF,False,False,,
2267,UCHAR,RW,Zonenmodul 5 Betriebsart Raum,,1.0,0.0,4.0,,False,False,,
2268,UCHAR,RO,Zonenmodul 5 Status Relais Raum,,1.0,0.0,1.0,,False,False,,
2269,FLOAT,RW/RO,Zonenmodul 5 Raumtemperatur Raum,,2.0,15.0,30.0,°C,False,False,,
2271,FLOAT,RW,Zonenmodul 5 Raumsolltemperatur Raum 2,,,,,°C,False,False,,
2273,UCHAR,RW/RO,Zonenmodul 5 Raumfeuchte Raum,,2.0,0.0,100.0,%rF,False,False,,
2274,UCHAR,RW,Zonenmodul 5 Betriebsart Raum,,2.0,0.0,4.0,,False,False,,
2275,UCHAR,RO,Zonenmodul 5 Status Relais Raum,,2.0,0.0,1.0,,False,False,,
2276,FLOAT,RW/RO,Zonenmodul 5 Raumtemperatur Raum,,3.0,15.0,30.0,°C,False,False,,
2278,FLOAT,RW,Zonenmodul 5 Raumsolltemperatur Raum 3,,,,,°C,False,False,,
2280,UCHAR,RW/RO,Zonenmodul 5 Raumfeuchte Raum,,3.0,0.0,100.0,%rF,False,False,,
2281,UCHAR,RW,Zonenmodul 5 Betriebsart Raum,,3.0,0.0,4.0,,False,False,,
2282,UCHAR,RO,Zonenmodul 5 Status Relais Raum,,3.0,0.0,1.0,,False,False,,
2283,FLOAT,RW/RO,Zonenmodul 5 Raumtemperatur Raum,,4.0,15.0,30.0,°C,False,False,,
2285,FLOAT,RW,Zonenmodul 5 Raumsolltemperatur Raum 4,,,,,°C,False,False,,
2287,UCHAR,RW/RO,Zonenmodul 5 Raumfeuchte Raum,,4.0,0.0,100.0,%rF,False,False,,
2288,UCHAR,RW,Zonenmodul 5 Betriebsart Raum,,4.0,0.0,4.0,,False,False,,
2289,UCHAR,RO,Zonenmodul 5 Status Relais Raum,,4.0,0.0,1.0,,False,False,,
2290,FLOAT,RW/RO,Zonenmodul 5 Raumtemperatur Raum,,5.0,15.0,30.0,°C,False,False,,
2292,FLOAT,RW,Zonenmodul 5 Raumsolltemperatur Raum 5,,,,,°C,False,False,,
2294,UCHAR,RW/RO,Zonenmodul 5 Raumfeuchte Raum,,5.0,0.0,100.0,%rF,False,False,,
2295,UCHAR,RW,Zonenmodul 5 Betriebsart Raum,,5.0,0.0,4.0,,False,False,,
2296,UCHAR,RO,Zonenmodul 5 Status Relais Raum,,5.0,0.0,1.0,,False,False,,
2297,FLOAT,RW/RO,Zonenmodul 5 Raumtemperatur Raum,,6.0,15.0,30.0,°C,False,False,,
2299,FLOAT,RW,Zonenmodul 5 Raumsolltemperatur Raum 6,,,,,°C,False,False,,
2301,UCHAR,RW/RO,Zonenmodul 5 Raumfeuchte Raum,,6.0,0.0,100.0,%rF,False,False,,
2302,UCHAR,RW,Zonenmodul 5 Betriebsart Raum,,6.0,0.0,4.0,,False,False,,
2303,UCHAR,RO,Zonenmodul 5 Status Relais Raum,,6.0,0.0,1.0,,False,False,,
2304,FLOAT,RW/RO,Zonenmodul 5 Raumtemperatur Raum,,7.0,15.0,30.0,°C,False,False,,
2306,FLOAT,RW,Zonenmodul 5 Raumsolltemperatur Raum 7,,,,,°C,False,False,,
2308,UCHAR,RW/RO,Zonenmodul 5 Raumfeuchte Raum,,7.0,0.0,100.0,%rF,False,False,,
2309,UCHAR,RW,Zonenmodul 5 Betriebsart Raum,,7.0,0.0,4.0,,False,False,,
2310,UCHAR,RO,Zonenmodul 5 Status Relais Raum,,7.0,0.0,1.0,,False,False,,
2311,FLOAT,RW/RO,Zonenmodul 5 Raumtemperatur Raum,,8.0,15.0,30.0,°C,False,False,,
2313,FLOAT,RW,Zonenmodul 5 Raumsolltemperatur Raum 8,,,,,°C,False,False,,
2315,UCHAR,RW/RO,Zonenmodul 5 Raumfeuchte Raum,,8.0,0.0,100.0,%rF,False,False,,
2316,UCHAR,RW,Zonenmodul 5 Betriebsart Raum,,8.0,0.0,4.0,,False,False,,26 IDM Navigator MODBUS TCP (C) IDM ENERGIESYSTEME GMBH Programmierung Adresse Daten- Access Bezeichnung Parameter Min. Max. Default- Ein- DEZ type Regelung Wert Wert Wert heit
2317,UCHAR,RO,Zonenmodul 5 Status Relais Raum,,8.0,0.0,1.0,,False,False,,
2324,UCHAR,RO,Zonenmodul 5 Status Raum 9 (A9),,0.0,1.0,,,False,False,,
2325,UCHAR,RO,Zonenmodul 6 Modus Heizen/Kühlen,A14,0.0,1.0,,,False,False,,
2326,UCHAR,RO,Zonenmodul 6 Entfeuchtungsausgang,A12,0.0,1.0,0.0,,False,False,,
2327,FLOAT,RW/RO,Zonenmodul 6 Raumtemperatur Raum,,1.0,15.0,30.0,°C,False,False,,
2329,FLOAT,RW,Zonenmodul 6 Raumsolltemperatur Raum 1,,,,,°C,False,False,,
2331,UCHAR,RW/RO,Zonenmodul 6 Raumfeuchte Raum,,1.0,0.0,100.0,%rF,False,False,,
2332,UCHAR,RW,Zonenmodul 6 Betriebsart Raum,,1.0,0.0,4.0,,False,False,,
2333,UCHAR,RO,Zonenmodul 6 Status Relais Raum,,1.0,0.0,1.0,,False,False,,
2334,FLOAT,RW/RO,Zonenmodul 6 Raumtemperatur Raum,,2.0,15.0,30.0,°C,False,False,,
2336,FLOAT,RW,Zonenmodul 6 Raumsolltemperatur Raum 2,,,,,°C,False,False,,
2338,UCHAR,RW/RO,Zonenmodul 6 Raumfeuchte Raum,,2.0,0.0,100.0,%rF,False,False,,
2339,UCHAR,RW,Zonenmodul 6 Betriebsart Raum,,2.0,0.0,4.0,,False,False,,
2340,UCHAR,RO,Zonenmodul 6 Status Relais Raum,,2.0,0.0,1.0,,False,False,,
2341,FLOAT,RW/RO,Zonenmodul 6 Raumtemperatur Raum,,3.0,15.0,30.0,°C,False,False,,
2343,FLOAT,RW,Zonenmodul 6 Raumsolltemperatur Raum 3,,,,,°C,False,False,,
2345,UCHAR,RW/RO,Zonenmodul 6 Raumfeuchte Raum,,3.0,0.0,100.0,%rF,False,False,,
2346,UCHAR,RW,Zonenmodul 6 Betriebsart Raum,,3.0,0.0,4.0,,False,False,,
2347,UCHAR,RO,Zonenmodul 6 Status Relais Raum,,3.0,0.0,1.0,,False,False,,
2348,FLOAT,RW/RO,Zonenmodul 6 Raumtemperatur Raum,,4.0,15.0,30.0,°C,False,False,,
2350,FLOAT,RW,Zonenmodul 6 Raumsolltemperatur Raum 4,,,,,°C,False,False,,
2352,UCHAR,RW/RO,Zonenmodul 6 Raumfeuchte Raum,,4.0,0.0,100.0,%rF,False,False,,
2353,UCHAR,RW,Zonenmodul 6 Betriebsart Raum,,4.0,0.0,4.0,,False,False,,
2354,UCHAR,RO,Zonenmodul 6 Status Relais Raum,,4.0,0.0,1.0,,False,False,,
2355,FLOAT,RW/RO,Zonenmodul 6 Raumtemperatur Raum,,5.0,15.0,30.0,°C,False,False,,
2357,FLOAT,RW,Zonenmodul 6 Raumsolltemperatur Raum 5,,,,,°C,False,False,,
2359,UCHAR,RW/RO,Zonenmodul 6 Raumfeuchte Raum,,5.0,0.0,100.0,%rF,False,False,,
2360,UCHAR,RW,Zonenmodul 6 Betriebsart Raum,,5.0,0.0,4.0,,False,False,,
2361,UCHAR,RO,Zonenmodul 6 Status Relais Raum,,5.0,0.0,1.0,,False,False,,
2362,FLOAT,RW/RO,Zonenmodul 6 Raumtemperatur Raum,,6.0,15.0,30.0,°C,False,False,,
2364,FLOAT,RW,Zonenmodul 6 Raumsolltemperatur Raum 6,,,,,°C,False,False,,
2366,UCHAR,RW/RO,Zonenmodul 6 Raumfeuchte Raum,,6.0,0.0,100.0,%rF,False,False,,
2367,UCHAR,RW,Zonenmodul 6 Betriebsart Raum,,6.0,0.0,4.0,,False,False,,
2368,UCHAR,RO,Zonenmodul 6 Status Relais Raum,,6.0,0.0,1.0,,False,False,,
2369,FLOAT,RW/RO,Zonenmodul 6 Raumtemperatur Raum,,7.0,15.0,30.0,°C,False,False,,
2371,FLOAT,RW,Zonenmodul 6 Raumsolltemperatur Raum 7,,,,,°C,False,False,,
2373,UCHAR,RW/RO,Zonenmodul 6 Raumfeuchte Raum,,7.0,0.0,100.0,%rF,False,False,,
2374,UCHAR,RW,Zonenmodul 6 Betriebsart Raum,,7.0,0.0,4.0,,False,False,,(C) IDM ENERGIESYSTEME GMBH IDM Navigator MODBUS TCP 27 4. Programmierung Programmierung Adresse Daten- Access Bezeichnung Parameter Min. Max. Default- Ein- DEZ type Regelung Wert Wert Wert heit
2375,UCHAR,RO,Zonenmodul 6 Status Relais Raum,,7.0,0.0,1.0,,False,False,,
2376,FLOAT,RW/RO,Zonenmodul 6 Raumtemperatur Raum,,8.0,15.0,30.0,°C,False,False,,
2378,FLOAT,RW,Zonenmodul 6 Raumsolltemperatur Raum 8,,,,,°C,False,False,,
2380,UCHAR,RW/RO,Zonenmodul 6 Raumfeuchte Raum,,8.0,0.0,100.0,%rF,False,False,,
2381,UCHAR,RW,Zonenmodul 6 Betriebsart Raum,,8.0,0.0,4.0,,False,False,,
2382,UCHAR,RO,Zonenmodul 6 Status Relais Raum,,8.0,0.0,1.0,,False,False,,
2389,UCHAR,RO,Zonenmodul 6 Status Relais Raum 9 (A9),,0.0,1.0,,,False,False,,
2390,UCHAR,RO,Zonenmodul 7 Modus Heizen/Kühlen,A14,0.0,1.0,,,False,False,,
2391,UCHAR,RO,Zonenmodul 7 Entfeuchtungsausgang,A12,0.0,1.0,0.0,,False,False,,
2392,FLOAT,RW/RO,Zonenmodul 7 Raumtemperatur Raum,,1.0,15.0,30.0,°C,False,False,,
2394,FLOAT,RW,Zonenmodul 7 Raumsolltemperatur Raum 1,,,,,°C,False,False,,
2396,UCHAR,RW/RO,Zonenmodul 7 Raumfeuchte Raum,,1.0,0.0,100.0,%rF,False,False,,
2397,UCHAR,RW,Zonenmodul 7 Betriebsart Raum,,1.0,0.0,4.0,,False,False,,
2398,UCHAR,RO,Zonenmodul 7 Status Relais Raum,,1.0,0.0,1.0,,False,False,,
2399,FLOAT,RW/RO,Zonenmodul 7 Raumtemperatur Raum,,2.0,15.0,30.0,°C,False,False,,
2401,FLOAT,RW,Zonenmodul 7 Raumsolltemperatur Raum 2,,,,,°C,False,False,,
2403,UCHAR,RW/RO,Zonenmodul 7 Raumfeuchte Raum,,2.0,0.0,100.0,%rF,False,False,,
2404,UCHAR,RW,Zonenmodul 7 Betriebsart Raum,,2.0,0.0,4.0,,False,False,,
2405,UCHAR,RO,Zonenmodul 7 Status Relais Raum,,2.0,0.0,1.0,,False,False,,
2406,FLOAT,RW/RO,Zonenmodul 7 Raumtemperatur Raum,,3.0,15.0,30.0,°C,False,False,,
2408,FLOAT,RW,Zonenmodul 7 Raumsolltemperatur Raum 3,,,,,°C,False,False,,
2410,UCHAR,RW/RO,Zonenmodul 7 Raumfeuchte Raum,,3.0,0.0,100.0,%rF,False,False,,
2411,UCHAR,RW,Zonenmodul 7 Betriebsart Raum,,3.0,0.0,4.0,,False,False,,
2412,UCHAR,RO,Zonenmodul 7 Status Relais Raum,,3.0,0.0,1.0,,False,False,,
2413,FLOAT,RW/RO,Zonenmodul 7 Raumtemperatur Raum,,4.0,15.0,30.0,°C,False,False,,
2415,FLOAT,RW,Zonenmodul 7 Raumsolltemperatur Raum 4,,,,,°C,False,False,,
2417,UCHAR,RW/RO,Zonenmodul 7 Raumfeuchte Raum,,4.0,0.0,100.0,%rF,False,False,,
2418,UCHAR,RW,Zonenmodul 7 Betriebsart Raum,,4.0,0.0,4.0,,False,False,,
2419,UCHAR,RO,Zonenmodul 7 Status Relais Raum,,4.0,0.0,1.0,,False,False,,
2420,FLOAT,RW/RO,Zonenmodul 7 Raumtemperatur Raum,,5.0,15.0,30.0,°C,False,False,,
2422,FLOAT,RW,Zonenmodul 7 Raumsolltemperatur Raum 5,,,,,°C,False,False,,
2424,UCHAR,RW/RO,Zonenmodul 7 Raumfeuchte Raum,,5.0,0.0,100.0,%rF,False,False,,
2425,UCHAR,RW,Zonenmodul 7 Betriebsart Raum,,5.0,0.0,4.0,,False,False,,
2426,UCHAR,RO,Zonenmodul 7 Status Relais Raum,,5.0,0.0,1.0,,False,False,,
2427,FLOAT,RW/RO,Zonenmodul 7 Raumtemperatur Raum,,6.0,15.0,30.0,°C,False,False,,
2429,FLOAT,RW,Zonenmodul 7 Raumsolltemperatur Raum 6,,,,,°C,False,False,,
2431,UCHAR,RW/RO,Zonenmodul 7 Raumfeuchte Raum,,6.0,0.0,100.0,%rF,False,False,,
2432,UCHAR,RW,Zonenmodul 7 Betriebsart Raum,,6.0,0.0,4.0,,False,False,,28 IDM Navigator MODBUS TCP (C) IDM ENERGIESYSTEME GMBH Programmierung Adresse Daten- Access Bezeichnung Parameter Min. Max. Default- Ein- DEZ type Regelung Wert Wert Wert heit
2433,UCHAR,RO,Zonenmodul 7 Status Relais Raum,,6.0,0.0,1.0,,False,False,,
2434,FLOAT,RW/RO,Zonenmodul 7 Raumtemperatur Raum,,7.0,15.0,30.0,°C,False,False,,
2436,FLOAT,RW,Zonenmodul 7 Raumsolltemperatur Raum 7,,,,,°C,False,False,,
2438,UCHAR,RW/RO,Zonenmodul 7 Raumfeuchte Raum,,7.0,0.0,100.0,%rF,False,False,,
2439,UCHAR,RW,Zonenmodul 7 Betriebsart Raum,,7.0,0.0,4.0,,False,False,,
2440,UCHAR,RO,Zonenmodul 7 Status Relais Raum,,7.0,0.0,1.0,,False,False,,
2441,FLOAT,RW/RO,Zonenmodul 7 Raumtemperatur Raum,,8.0,15.0,30.0,°C,False,False,,
2443,FLOAT,RW,Zonenmodul 7 Raumsolltemperatur Raum 8,,,,,°C,False,False,,
2445,UCHAR,RW/RO,Zonenmodul 7 Raumfeuchte Raum,,8.0,0.0,100.0,%rF,False,False,,
2446,UCHAR,RW,Zonenmodul 7 Betriebsart Raum,,8.0,0.0,4.0,,False,False,,
2447,UCHAR,RO,Zonenmodul 7 Status Relais Raum,,8.0,0.0,1.0,,False,False,,
2454,UCHAR,RO,Zonenmodul 7 Status Raum 9 (A9),,0.0,1.0,,,False,False,,
2455,UCHAR,RO,Zonenmodul 8 Modus Heizen/Kühlen,A14,0.0,1.0,,,False,False,,
2456,UCHAR,RO,Zonenmodul 8 Entfeuchtungsausgang,A12,0.0,1.0,0.0,,False,False,,
2457,FLOAT,RW/RO,Zonenmodul 8 Raumtemperatur Raum,,1.0,15.0,30.0,°C,False,False,,
2459,FLOAT,RW,Zonenmodul 8 Raumsolltemperatur Raum 1,,,,,°C,False,False,,
2461,UCHAR,RW/RO,Zonenmodul 8 Raumfeuchte Raum,,1.0,0.0,100.0,%rF,False,False,,
2462,UCHAR,RW,Zonenmodul 8 Betriebsart Raum,,1.0,0.0,4.0,,False,False,,
2463,UCHAR,RO,Zonenmodul 8 Status Relais Raum,,1.0,0.0,1.0,,False,False,,
2464,FLOAT,RW/RO,Zonenmodul 8 Raumtemperatur Raum,,2.0,15.0,30.0,°C,False,False,,
2466,FLOAT,RW,Zonenmodul 8 Raumsolltemperatur Raum 2,,,,,°C,False,False,,
2468,UCHAR,RW/RO,Zonenmodul 8 Raumfeuchte Raum,,2.0,0.0,100.0,%rF,False,False,,
2469,UCHAR,RW,Zonenmodul 8 Betriebsart Raum,,2.0,0.0,4.0,,False,False,,
2470,UCHAR,RO,Zonenmodul 8 Status Relais Raum,,2.0,0.0,1.0,,False,False,,
2471,FLOAT,RW/RO,Zonenmodul 8 Raumtemperatur Raum,,3.0,15.0,30.0,°C,False,False,,
2473,FLOAT,RW,Zonenmodul 8 Raumsolltemperatur Raum 3,,,,,°C,False,False,,
2475,UCHAR,RW/RO,Zonenmodul 8 Raumfeuchte Raum,,3.0,0.0,100.0,%rF,False,False,,
2476,UCHAR,RW,Zonenmodul 8 Betriebsart Raum,,3.0,0.0,4.0,,False,False,,
2477,UCHAR,RO,Zonenmodul 8 Status Relais Raum,,3.0,0.0,1.0,,False,False,,
2478,FLOAT,RW/RO,Zonenmodul 8 Raumtemperatur Raum,,4.0,15.0,30.0,°C,False,False,,
2480,FLOAT,RW,Zonenmodul 8 Raumsolltemperatur Raum 4,,,,,°C,False,False,,
2482,UCHAR,RW/RO,Zonenmodul 8 Raumfeuchte Raum,,4.0,0.0,100.0,%rF,False,False,,
2483,UCHAR,RW,Zonenmodul 8 Betriebsart Raum,,4.0,0.0,4.0,,False,False,,
2484,UCHAR,RO,Zonenmodul 8 Status Relais Raum,,4.0,0.0,1.0,,False,False,,
2485,FLOAT,RW/RO,Zonenmodul 8 Raumtemperatur Raum,,5.0,15.0,30.0,°C,False,False,,
2487,FLOAT,RW,Zonenmodul 8 Raumsolltemperatur Raum 5,,,,,°C,False,False,,
2489,UCHAR,RW/RO,Zonenmodul 8 Raumfeuchte Raum,,5.0,0.0,100.0,%rF,False,False,,
2490,UCHAR,RW,Zonenmodul 8 Betriebsart Raum,,5.0,0.0,4.0,,False,False,,(C) IDM ENERGIESYSTEME GMBH IDM Navigator MODBUS TCP 29 4. Programmierung Programmierung Adresse Daten- Access Bezeichnung Parameter Min. Max. Default- Ein- DEZ type Regelung Wert Wert Wert heit
2491,UCHAR,RO,Zonenmodul 8 Status Relais Raum,,5.0,0.0,1.0,,False,False,,
2492,FLOAT,RW/RO,Zonenmodul 8 Raumtemperatur Raum,,6.0,15.0,30.0,°C,False,False,,
2494,FLOAT,RW,Zonenmodul 8 Raumsolltemperatur Raum 6,,,,,°C,False,False,,
2496,UCHAR,RW/RO,Zonenmodul 8 Raumfeuchte Raum,,6.0,0.0,100.0,%rF,False,False,,
2497,UCHAR,RW,Zonenmodul 8 Betriebsart Raum,,6.0,0.0,4.0,,False,False,,
2498,UCHAR,RO,Zonenmodul 8 Status Relais Raum,,6.0,0.0,1.0,,False,False,,
2499,FLOAT,RW/RO,Zonenmodul 8 Raumtemperatur Raum,,7.0,15.0,30.0,°C,False,False,,
2501,FLOAT,RW,Zonenmodul 8 Raumsolltemperatur Raum 7,,,,,°C,False,False,,
2503,UCHAR,RW/RO,Zonenmodul 8 Raumfeuchte Raum,,7.0,0.0,100.0,%rF,False,False,,
2504,UCHAR,RW,Zonenmodul 8 Betriebsart Raum,,7.0,0.0,4.0,,False,False,,
2505,UCHAR,RO,Zonenmodul 8 Status Relais Raum,,7.0,0.0,1.0,,False,False,,
2506,FLOAT,RW/RO,Zonenmodul 8 Raumtemperatur Raum,,8.0,15.0,30.0,°C,False,False,,
2508,FLOAT,RW,Zonenmodul 8 Raumsolltemperatur Raum 8,,,,,°C,False,False,,
2510,UCHAR,RW/RO,Zonenmodul 8 Raumfeuchte Raum,,8.0,0.0,100.0,%rF,False,False,,
2511,UCHAR,RW,Zonenmodul 8 Betriebsart Raum,,8.0,0.0,4.0,,False,False,,
2512,UCHAR,RO,Zonenmodul 8 Status Relais Raum,,8.0,0.0,1.0,,False,False,,
2519,UCHAR,RO,Zonenmodul 8 Status Relais Raum 9 (A9),,0.0,1.0,,,False,False,,
2520,UCHAR,RO,Zonenmodul 9 Modus Heizen/Kühlen,A14,0.0,1.0,,,False,False,,
2521,UCHAR,RO,Zonenmodul 9 Entfeuchtungsausgang,A12,0.0,1.0,0.0,,False,False,,
2522,FLOAT,RW/RO,Zonenmodul 9 Raumtemperatur Raum,,1.0,15.0,30.0,°C,False,False,,
2524,FLOAT,RW,Zonenmodul 9 Raumsolltemperatur Raum 1,,,,,°C,False,False,,
2526,UCHAR,RW/RO,Zonenmodul 9 Raumfeuchte Raum,,1.0,0.0,100.0,%rF,False,False,,
2527,UCHAR,RW,Zonenmodul 9 Betriebsart Raum,,1.0,0.0,4.0,,False,False,,
2528,UCHAR,RO,Zonenmodul 9 Status Relais Raum,,1.0,0.0,1.0,,False,False,,
2529,FLOAT,RW/RO,Zonenmodul 9 Raumtemperatur Raum,,2.0,15.0,30.0,°C,False,False,,
2531,FLOAT,RW,Zonenmodul 9 Raumsolltemperatur Raum 2,,,,,°C,False,False,,
2533,UCHAR,RW/RO,Zonenmodul 9 Raumfeuchte Raum,,2.0,0.0,100.0,%rF,False,False,,
2534,UCHAR,RW,Zonenmodul 9 Betriebsart Raum,,2.0,0.0,4.0,,False,False,,
2535,UCHAR,RO,Zonenmodul 9 Status Relais Raum,,2.0,0.0,1.0,,False,False,,
2536,FLOAT,RW/RO,Zonenmodul 9 Raumtemperatur Raum,,3.0,15.0,30.0,°C,False,False,,
2538,FLOAT,RW,Zonenmodul 9 Raumsolltemperatur Raum 3,,,,,°C,False,False,,
2540,UCHAR,RW/RO,Zonenmodul 9 Raumfeuchte Raum,,3.0,0.0,100.0,%rF,False,False,,
2541,UCHAR,RW,Zonenmodul 9 Betriebsart Raum,,3.0,0.0,4.0,,False,False,,
2542,UCHAR,RO,Zonenmodul 9 Status Relais Raum,,3.0,0.0,1.0,,False,False,,
2543,FLOAT,RW/RO,Zonenmodul 9 Raumtemperatur Raum,,4.0,15.0,30.0,°C,False,False,,
2545,FLOAT,RW,Zonenmodul 9 Raumsolltemperatur Raum 4,,,,,°C,False,False,,
2547,UCHAR,RW/RO,Zonenmodul 9 Raumfeuchte Raum,,4.0,0.0,100.0,%rF,False,False,,
2548,UCHAR,RW,Zonenmodul 9 Betriebsart Raum,,4.0,0.0,4.0,,False,False,,30 IDM Navigator MODBUS TCP (C) IDM ENERGIESYSTEME GMBH Programmierung Adresse Daten- Access Bezeichnung Parameter Min. Max. Default- Ein- DEZ type Regelung Wert Wert Wert heit
2549,UCHAR,RO,Zonenmodul 9 Status Relais Raum,,4.0,0.0,1.0,,False,False,,
2550,FLOAT,RW/RO,Zonenmodul 9 Raumtemperatur Raum,,5.0,15.0,30.0,°C,False,False,,
2552,FLOAT,RW,Zonenmodul 9 Raumsolltemperatur Raum 5,,,,,°C,False,False,,
2554,UCHAR,RW/RO,Zonenmodul 9 Raumfeuchte Raum,,5.0,0.0,100.0,%rF,False,False,,
2555,UCHAR,RW,Zonenmodul 9 Betriebsart Raum,,5.0,0.0,4.0,,False,False,,
2556,UCHAR,RO,Zonenmodul 9 Status Relais Raum,,5.0,0.0,1.0,,False,False,,
2557,FLOAT,RW/RO,Zonenmodul 9 Raumtemperatur Raum,,6.0,15.0,30.0,°C,False,False,,
2559,FLOAT,RW,Zonenmodul 9 Raumsolltemperatur Raum 6,,,,,°C,False,False,,
2561,UCHAR,RW/RO,Zonenmodul 9 Raumfeuchte Raum,,6.0,0.0,100.0,%rF,False,False,,
2562,UCHAR,RW,Zonenmodul 9 Betriebsart Raum,,6.0,0.0,4.0,,False,False,,
2563,UCHAR,RO,Zonenmodul 9 Status Relais Raum,,6.0,0.0,1.0,,False,False,,
2564,FLOAT,RW/RO,Zonenmodul 9 Raumtemperatur Raum,,7.0,15.0,30.0,°C,False,False,,
2566,FLOAT,RW,Zonenmodul 9 Raumsolltemperatur Raum 7,,,,,°C,False,False,,
2568,UCHAR,RW/RO,Zonenmodul 9 Raumfeuchte Raum,,7.0,0.0,100.0,%rF,False,False,,
2569,UCHAR,RW,Zonenmodul 9 Betriebsart Raum,,7.0,0.0,4.0,,False,False,,
2570,UCHAR,RO,Zonenmodul 9 Status Relais Raum,,7.0,0.0,1.0,,False,False,,
2571,FLOAT,RW/RO,Zonenmodul 9 Raumtemperatur Raum,,8.0,15.0,30.0,°C,False,False,,
2573,FLOAT,RW,Zonenmodul 9 Raumsolltemperatur Raum 8,,,,,°C,False,False,,
2575,UCHAR,RW/RO,Zonenmodul 9 Raumfeuchte Raum,,8.0,0.0,100.0,%rF,False,False,,
2576,UCHAR,RW,Zonenmodul 9 Betriebsart Raum,,8.0,0.0,4.0,,False,False,,
2577,UCHAR,RO,Zonenmodul 9 Status Relais Raum,,8.0,0.0,1.0,,False,False,,
2584,UCHAR,RO,Zonenmodul 9 Status Relais Raum 9 (A9),,0.0,1.0,,,False,False,,
2585,UCHAR,RO,Zonenmodul 10 Modus Heizen/Kühlen,A14,0.0,1.0,,,False,False,,
2586,UCHAR,RO,Zonenmodul 10 Entfeuchtungsausgang,A12,0.0,1.0,0.0,,False,False,,
2587,FLOAT,RW/RO,Zonenmodul 10 Raumtemperatur Raum,,1.0,15.0,30.0,°C,False,False,,
2589,FLOAT,RW,Zonenmodul 10 Raumsolltemperatur Raum 1,,,,,°C,False,False,,
2591,UCHAR,RW/RO,Zonenmodul 10 Raumfeuchte Raum,,1.0,0.0,100.0,%rF,False,False,,
2592,UCHAR,RW,Zonenmodul 10 Betriebsart Raum,,1.0,0.0,4.0,,False,False,,
2593,UCHAR,RO,Zonenmodul 10 Status Relais Raum,,1.0,0.0,1.0,,False,False,,
2594,FLOAT,RW/RO,Zonenmodul 10 Raumtemperatur Raum,,2.0,15.0,30.0,°C,False,False,,
2596,FLOAT,RW,Zonenmodul 10 Raumsolltemperatur Raum 2,,,,,°C,False,False,,
2598,UCHAR,RW/RO,Zonenmodul 10 Raumfeuchte Raum,,2.0,0.0,100.0,%rF,False,False,,
2599,UCHAR,RW,Zonenmodul 10 Betriebsart Raum,,2.0,0.0,4.0,,False,False,,
2600,UCHAR,RO,Zonenmodul 10 Status Relais Raum,,2.0,0.0,1.0,,False,False,,
2601,FLOAT,RW/RO,Zonenmodul 10 Raumtemperatur Raum,,3.0,15.0,30.0,°C,False,False,,
2603,FLOAT,RW,Zonenmodul 10 Raumsolltemperatur Raum 3,,,,,°C,False,False,,
2605,UCHAR,RW/RO,Zonenmodul 10 Raumfeuchte Raum,,3.0,0.0,100.0,%rF,False,False,,
2606,UCHAR,RW,Zonenmodul 10 Betriebsart Raum,,3.0,0.0,4.0,,False,False,,(C) IDM ENERGIESYSTEME GMBH IDM Navigator MODBUS TCP 31 4. Programmierung Programmierung Adresse Daten- Access Bezeichnung Parameter Min. Max. Default- Ein- DEZ type Regelung Wert Wert Wert heit
2607,UCHAR,RO,Zonenmodul 10 Status Relais Raum,,3.0,0.0,1.0,,False,False,,
2608,FLOAT,RW/RO,Zonenmodul 10 Raumtemperatur Raum,,4.0,15.0,30.0,°C,False,False,,
2610,FLOAT,RW,Zonenmodul 10 Raumsolltemperatur Raum 4,,,,,°C,False,False,,
2612,UCHAR,RW/RO,Zonenmodul 10 Raumfeuchte Raum,,4.0,0.0,100.0,%rF,False,False,,
2613,UCHAR,RW,Zonenmodul 10 Betriebsart Raum,,4.0,0.0,4.0,,False,False,,
2614,UCHAR,RO,Zonenmodul 10 Status Relais Raum,,4.0,0.0,1.0,,False,False,,
2615,FLOAT,RW/RO,Zonenmodul 10 Raumtemperatur Raum,,5.0,15.0,30.0,°C,False,False,,
2617,FLOAT,RW,Zonenmodul 10 Raumsolltemperatur Raum 5,,,,,°C,False,False,,
2619,UCHAR,RW/RO,Zonenmodul 10 Raumfeuchte Raum,,5.0,0.0,100.0,%rF,False,False,,
2620,UCHAR,RW,Zonenmodul 10 Betriebsart Raum,,5.0,0.0,4.0,,False,False,,
2621,UCHAR,RO,Zonenmodul 10 Status Relais Raum,,5.0,0.0,1.0,,False,False,,
2622,FLOAT,RW/RO,Zonenmodul 10 Raumtemperatur Raum,,6.0,15.0,30.0,°C,False,False,,
2624,FLOAT,RW,Zonenmodul 10 Raumsolltemperatur Raum 6,,,,,°C,False,False,,
2626,UCHAR,RW/RO,Zonenmodul 10 Raumfeuchte Raum,,6.0,0.0,100.0,%rF,False,False,,
2627,UCHAR,RW,Zonenmodul 10 Betriebsart Raum,,6.0,0.0,4.0,,False,False,,
2628,UCHAR,RO,Zonenmodul 10 Status Relais Raum,,6.0,0.0,1.0,,False,False,,
2629,FLOAT,RW/RO,Zonenmodul 10 Raumtemperatur Raum,,7.0,15.0,30.0,°C,False,False,,
2631,FLOAT,RW,Zonenmodul 10 Raumsolltemperatur Raum 7,,,,,°C,False,False,,
2633,UCHAR,RW/RO,Zonenmodul 10 Raumfeuchte Raum,,7.0,0.0,100.0,%rF,False,False,,
2634,UCHAR,RW,Zonenmodul 10 Betriebsart Raum,,7.0,0.0,4.0,,False,False,,
2635,UCHAR,RO,Zonenmodul 10 Status Relais Raum,,7.0,0.0,1.0,,False,False,,
2636,FLOAT,RW/RO,Zonenmodul 10 Raumtemperatur Raum,,8.0,15.0,30.0,°C,False,False,,
2638,FLOAT,RW,Zonenmodul 10 Raumsolltemperatur Raum 8,,,,,°C,False,False,,
2640,UCHAR,RW/RO,Zonenmodul 10 Raumfeuchte Raum,,8.0,0.0,100.0,%rF,False,False,,
2641,UCHAR,RW,Zonenmodul 10 Betriebsart Raum,,8.0,0.0,4.0,,False,False,,
2642,UCHAR,RO,Zonenmodul 10 Status Relais Raum,,8.0,0.0,1.0,,False,False,,
2649,UCHAR,RO,Zonenmodul 10 Status Relais Raum 9 (A9),,0.0,1.0,,,False,False,,Photovoltaik
74,FLOAT,RW/RO,Aktueller PV-Überschuss,,,,,kW,False,False,,
76,FLOAT,RW/RO,Leistung E-Heizstab,,,,,kW,False,False,,
78,FLOAT,RW/RO,Aktuelle PV Produktion,,,,,kW,False,False,,
82,FLOAT,RW/RO,Hausverbrauch 0,,,,,kW,False,False,,
84,FLOAT,RW/RO,Batterieentladung 0,,,,,kW,False,False,,
86,WORD,RW/RO,Batteriefüllstand -1,,,,,%,False,False,,
4122,FLOAT,RO,Aktuelle Leistungsaufnahme Wärmepumpe,,,,,kW,False,False,,
4126,FLOAT,RO,thermische Leistung (Durchflusssensor) 0,,,,,kW,False,False,,
4128,FLOAT,RO,"Wärmemenge gesamt 0 [kWh] 32 IDM Navigator MODBUS TCP (C) IDM ENERGIESYSTEME GMBH Programmierung Die Aktualisierung der Parameter erfolgt zyklisch, dies kann dazu führen, dass sich Änderungen zeitverzögert (ca. 15 sec) auswirken! 4.2. Datentypen – Standardisierte Datentypen: Byte (8-Bit) und Register (16-Bit). Gemäß Modbus-Spezifikation wird bei einem Register immer zuerst das High-Byte, gefolgt vom Low-Byte übertragen. – Erweiterte Datentype: 32-Bit-Float wird als 2 aufeinander folgende 16-Bit-Register übertragen. Das Format der Float-Zahl entspricht dem IEEE Standard 754. Übertragungsreihenfolge der Register: 32-Bit-Zahlen Reg_L (Bit 15..0) Reg_H (Bit 31..16) HByte LByte HByte LByte 1. 2. 3. 4. (C) IDM ENERGIESYSTEME GMBH IDM Navigator MODBUS TCP 33",,,,,,False,False,,
